名前,Date,タグ,テキスト,ファイル&メディア,リンク,作成日時
師走ダッシュ松村,2025年12月1日,ゲーム,12月に入ったので師走ダッシュゲームです。,,https://1day1app.vercel.app/2025-12-01,2025年12月1日 22:13
スペースデブリ回避松村,2025年12月2日,ゲーム,今日は日本人宇宙飛行記念日ということで、スペースデブリを回避するゲームです。左右のスラスターでデブリを避けろ！,,https://1day1app.vercel.app/2025-12-02,2025年12月2日 23:20
123ダッシュ松村,2025年12月3日,ゲーム,123の日ということで123の表示にあわせて画面をタップ！松村を遠くまでダッシュさせろ！,,https://1day1app.vercel.app/2025-12-03,2025年12月3日 23:46
松村ETフライト,2025年12月4日,ゲーム,E.T.の日ということで自転車で月を目指すゲームです。いい感じの高さをキープして月を目指そう！,,https://1day1app.vercel.app/2025-12-04,2025年12月4日 23:47
1分テトリス,2025年12月5日,ゲーム,なんか落ちゲー作りたかったのでまずはテトリスから。BGMいい曲できた。,,https://1day1app.vercel.app/2025-12-05,2025年12月5日 23:56
シンフォニー松村,2025年12月6日,ゲーム,今日はシンフォニー記念日ということでこんなゲームです。松村の指揮にあわせて画面をタップ！,,https://1day1app.vercel.app/2025-12-06,2025年12月6日 23:50
松村オーナメントクリスマスツリー,2025年12月7日,ゲーム,今日はクリスマスツリーの日ということで、クリスマスツリーに松村をたくさんぶら下げて飾りつけようゲームです。何個の松村をつけられるかな？,,https://1day1app.vercel.app/2025-12-07,2025年12月7日 23:27
松村モザイクカメラ,2025年12月8日,写真合成,"写真を撮ったりアップしたりすると、細かい松村で構成された画像になるよ！
",,https://1day1app.vercel.app/2025-12-08,2025年12月8日 23:36
メダリスト松村,2025年12月9日,ゲーム,いいタイミングでタップすると松村がジャンプするよ。連続ジャンプで回転数が上がっていくので連続何回飛べるかチャレンジ！,,https://1day1app.vercel.app/2025-12-09,2025年12月9日 23:20
松村三億円ラン,2025年12月10日,ゲーム,白バイ松村がお金を拾いながら逃げるのを左右移動しよう！三億円欲しい。,,https://1day1app.vercel.app/2025-12-10,2025年12月10日 23:25
松村セクシーブロック崩し2,2025年12月11日,ゲーム,ブロックを崩したらちょっとセクシーな松村の写真が見られるよ。,,https://1day1app.vercel.app/2025-12-11,2025年12月12日 0:27
今年の漢字,,,漢字の日ということで、文字を打つと今年の漢字が出てきます。どんな文字が出てくるかはお楽しみに！,,https://1day1app.vercel.app/2025-12-12,2025年12月13日 23:11
ドクターマリオ風ゲーム,2025年12月13日,ゲーム,ビタミンの日ってことでビタミンっぽいゲームです。,,https://1day1app.vercel.app/2025-12-13,2025年12月13日 23:13
マツムラダムスの大予言,2025年12月14日,診断,今日はノストラダムスの誕生日ということで、マツムラダムスの予言です。どんな予言が出てくるかな？,,https://1day1app.vercel.app/2025-12-14,2025年12月14日 23:49
松村年賀状メーカー,2025年12月15日,写真合成,今日から年賀郵便特別扱い開始！ということで年賀状を作らなくちゃって人は、よかったらこれを活用してね！,,https://1day1app.vercel.app/2025-12-15,2025年12月15日 23:38
ふーって松村,2025年12月16日,,今日は紙の記念日ということで、ペラッペラの松村です。息を吹きかけるとペラペラ動くよ。,,https://1day1app.vercel.app/2025-12-16,2025年12月17日 1:24
間違い探し,2025年12月17日,ゲーム,今日は間違い探し！3箇所あるので頑張って！,,https://1day1app.vercel.app/2025-12-17,2025年12月17日 23:39
まつむ割り人形,2025年12月18日,,今日はくるみ割り人形の日ということでくるみ割り人形風松村です。タップしてね。,,https://1day1app.vercel.app/2025-12-18,2025年12月18日 22:36
割り勘奉行,2025年12月19日,,年末年始の飲み会が増えてると思うので、割り勘をいい感じに裁いてくれるアプリ作りました。,,https://1day1app.vercel.app/2025-12-19,2025年12月19日 23:50
スプーン曲げ,2025年12月20日,,今日はユリ・ゲラーのお誕生日ということでスプーン曲げを体感できるアプリを作りました。,,https://1day1app.vercel.app/2025-12-20,2025年12月20日 22:45
忘却の松村,2025年12月21日,,今日はザマミで大忘年会ワンマンライブ！ということで忘れるためのボタンを作りました。今年のやなことは全部忘れてしまいましょ！,,https://1day1app.vercel.app/2025-12-21,2025年12月21日 14:42
松村回転パズル,,パズルゲーム,地味に難しいパズルできました。,,https://1day1app.vercel.app/2025-12-22,2025年12月22日 21:56
サンタ松村を探せ！,2025年12月23日,ゲーム,"めっちゃ難易度あがっちゃいました。サンタの格好をした松村を探してね！
",,https://1day1app.vercel.app/2025-12-23,2025年12月23日 23:55
松村プレゼントアキネーター,,診断,ハッピーホリデイズ！松村サンタからのプレゼントだよ！質問に答えると最適なプレゼントがもらえるよ！,,https://1day1app.vercel.app/2025-12-24,2025年12月24日 23:49
松村サンタを捕まえろ！,2025年12月25日,ゲーム,煙突から出てくる松村サンタを捕まえよう！,,https://1day1app.vercel.app/2025-12-25,2025年12月25日 22:56
松村納め,2025年12月26日,ゲーム,今日で仕事納め！色々と納めましょ。,,https://1day1app.vercel.app/2025-12-26,2025年12月27日 1:09
まったりアプリ,2025年12月27日,,なんの意味もない、さわるとムニムニ動くスクイーズみたいなのです。仕事も納めたしまったりしましょう。,,https://1day1app.vercel.app/2025-12-27,2025年12月27日 23:36
ウィザードリーっぽい迷路,2025年12月28日,ゲーム,ダンジョンを探索してゴールを目指そう！,,https://1day1app.vercel.app/2025-12-28,2025年12月28日 16:10
松村ミサイル防衛,2025年12月29日,ゲーム,空から降ってくるミサイルを撃ち落として松村を守ろう！,,https://1day1app.vercel.app/2025-12-29,2025年12月29日 22:59
今年の思い出ルーレット,2025年12月30日,診断,今年の思い出をルーレットで振り返ろう！,,https://1day1app.vercel.app/2025-12-30,2025年12月30日 3:19
除夜の松村,2025年12月31日,,今年も一年ありがとうございました。鐘の代わりに松村を108回鳴らして年を越しましょう。,,https://1day1app.vercel.app/2025-12-31,2025年12月31日 19:37